{
  "project_info": {
    "project_number": "613936646362",
    "project_id": "jomsihat-4702d",
    "storage_bucket": "jomsihat-4702d.appspot.com"
  },
  "client": [
    {
      "client_info": {
        "mobilesdk_app_id": "1:613936646362:android:78d30e89028aab39d9bde3",
        "android_client_info": {
          "package_name": "com.example.jomsihat"
        }
      },
      "oauth_client": [
        {
          "client_id": "613936646362-4hntn9d29ltofs812rrf31c7qpha9hh2.apps.googleusercontent.com",
          "client_type": 3
        }
      ],
      "api_key": [
        {
          "current_key": "AIzaSyBXIsqPNt6hQaVV_wkqGNfKtB9YgKfncGU"
        }
      ],
      "services": {
        "appinvite_service": {
          "other_platform_oauth_client": [
            {
              "client_id": "613936646362-4hntn9d29ltofs812rrf31c7qpha9hh2.apps.googleusercontent.com",
              "client_type": 3
            }
          ]
        }
      }
    }
  ],
  "configuration_version": "1"
}